{
  "schema_version": 4,
  "n_assets": 10,
  "network": "sioux_falls",
  "generation_seed": 0,
  "d_init": [
    0.6442233652854701,
    0.4944607119895519,
    0.3675482525112056,
    0.6607441700970409,
    0.5626771612378629,
    0.4551209377794778,
    0.5429176794158945,
    0.7447439171745001,
    0.7670217579781249,
    0.4788975983545351
  ],
  "alpha0": [
    0.03964800639205934,
    0.048396175849754725,
    0.023795911329388273,
    0.04476316118836117,
    0.03289266620603725,
    0.03837256683772707,
    0.04059907611542063,
    0.04347269146388905,
    0.054082581549089154,
    0.06535127931658548
  ],
  "beta": [
    2.336918728500004,
    3.3113020687748187,
    1.329461306399232,
    2.767828911391146,
    2.1489647293980965,
    2.312512902827412,
    2.2505944428976368,
    2.3674270445756487,
    3.084740438989407,
    3.9882633831148806
  ],
  "mu_h": [
    0.05265111081647675,
    0.059392803268440944,
    0.041377790656017155,
    0.05316641818454062,
    0.07169444420927891,
    0.04715016269027956,
    0.030308451527378672,
    0.035836196755122916,
    0.07753006225539462,
    0.1006325025924975
  ],
  "sigma_h": [
    0.01053022216329535,
    0.01187856065368819,
    0.00827555813120343,
    0.010633283636908124,
    0.014338888841855782,
    0.009430032538055912,
    0.006061690305475735,
    0.007167239351024583,
    0.015506012451078924,
    0.0201265005184995
  ],
  "asset_lengths_m": [
    4888.167418846461,
    4327.634758623256,
    6233.564102333019,
    4840.304987210914,
    3576.501367958858,
    5464.296985736624,
    8528.465309094825,
    7205.234191748655,
    3303.537872103397,
    2533.65829430723
  ],
  "c_ren": [
    244408370.94232306,
    216381737.9311628,
    311678205.11665094,
    242015249.3605457,
    178825068.3979429,
    273214849.2868312,
    426423265.45474124,
    360261709.58743274,
    165176893.60516986,
    126682914.71536149
  ],
  "c_rep": [
    122204185.47116153,
    108190868.9655814,
    155839102.55832547,
    121007624.68027285,
    89412534.19897145,
    136607424.6434156,
    213211632.72737062,
    180130854.79371637,
    82588446.80258493,
    63341457.357680745
  ],
  "restrict_degrad_multiplier": 0.9,
  "years": 60.0,
  "dt": 0.5,
  "gamma": 0.97,
  "d_fail": 1.0,
  "eta_ren": 0.05,
  "eta_load": 0.5,
  "delta_repair": 0.1,
  "vot": 10.76,
  "traffic_cost_factor": 1.0,
  "risk_base": 10000.0,
  "allow_repair": true,
  "allow_restrict": true,
  "instance_id": "8db1d8b7-0b5e-48a6-b614-1b20cd616ce0",
  "comments": {
    "lengths_mean_m": 5150.0,
    "lengths_cv": 0.5,
    "avg_ongoing_projects": 2.5,
    "alpha0_mean": 0.05,
    "alpha0_sigma": 0.3,
    "e_fail_mean": 60.0,
    "e_fail_cv": 0.1,
    "ren_noise_cv": 0.2
  }
}