{
  "network": "sioux_falls",
  "tap_backend": "fast",
  "seed": 42,
  "run_name": "exp0/sf15_ppo_curriculum",
  "instance": "instances/instance_sf15.json",
  "training": {
    "time_budget": 86400,
    "n_episodes": 10000,
    "eval_interval": 1000,
    "n_eval_episodes": 50,
    "n_workers": 16,
    "curriculum_phase0_episodes": 500,
    "curriculum_phase1_plateau_window": 5,
    "curriculum_phase1_plateau_tol": 0.01,
    "curriculum_reset_critic": false,
    "curriculum_heuristic": {
      "agent_type": "reactiveperasset",
      "extra": {
        "repair_threshold_0": 0.8798284687730119,
        "restrict_threshold_0": 0.9918083035698311,
        "renovate_threshold_0": 0.9695989301249303,
        "repair_threshold_1": 1.0997952897938512,
        "restrict_threshold_1": 0.25073706963245923,
        "renovate_threshold_1": 0.9503961247575947,
        "repair_threshold_2": 1.058975331610254,
        "restrict_threshold_2": 0.07639487649332721,
        "renovate_threshold_2": 0.7943498486989774,
        "repair_threshold_3": 0.5526766093567287,
        "restrict_threshold_3": 0.2750565007388937,
        "renovate_threshold_3": 0.4896504330395608,
        "repair_threshold_4": 0.9372234938961719,
        "restrict_threshold_4": 0.7473907261954628,
        "renovate_threshold_4": 0.9835052484556895,
        "repair_threshold_5": 0.8693762187575564,
        "restrict_threshold_5": 0.23694745921374943,
        "renovate_threshold_5": 0.9826280062226725,
        "repair_threshold_6": 1.0796071527898252,
        "restrict_threshold_6": 1.0643534152512368,
        "renovate_threshold_6": 0.8769080953765189,
        "repair_threshold_7": 0.936539795882955,
        "restrict_threshold_7": 0.6622173018746047,
        "renovate_threshold_7": 0.9673620454372658,
        "repair_threshold_8": 0.9554278638188825,
        "restrict_threshold_8": 1.0610550499031886,
        "renovate_threshold_8": 0.9465519390715982,
        "repair_threshold_9": 0.8422739425562359,
        "restrict_threshold_9": 0.26150104447025113,
        "renovate_threshold_9": 0.769285795997691,
        "repair_threshold_10": 0.559956798183343,
        "restrict_threshold_10": 0.2674427614551916,
        "renovate_threshold_10": 0.9998684968545635,
        "repair_threshold_11": 0.6997182356524994,
        "restrict_threshold_11": 0.4046640933728417,
        "renovate_threshold_11": 0.6974241327043686,
        "repair_threshold_12": 0.16930923295580552,
        "restrict_threshold_12": 1.0081814885177103,
        "renovate_threshold_12": 0.9471224299017567,
        "repair_threshold_13": 0.292560529229994,
        "restrict_threshold_13": 0.41281931660308846,
        "renovate_threshold_13": 0.5554988928355675,
        "repair_threshold_14": 0.17327749403062898,
        "restrict_threshold_14": 1.0733554616564374,
        "renovate_threshold_14": 0.9838681157790556
      }
    }
  },
  "agent": {
    "agent_type": "ppo",
    "extra": {
      "hidden_dims": [
        64,
        64
      ],
      "ppo_kwargs": {
        "actor_lr": 0.0003,
        "critic_lr": 0.001,
        "clip_eps": 0.2,
        "entropy_coef": 0.02,
        "value_coef": 0.5,
        "gae_lambda": 0.95,
        "ppo_epochs": 4,
        "mini_batch_size": 64
      }
    }
  }
}
