{
  "schema_version": 4,
  "n_assets": 20,
  "network": "sioux_falls",
  "generation_seed": 0,
  "d_init": [
    0.502275919910764,
    0.39925652225462765,
    0.34537652280956094,
    0.5901661929934253,
    0.4493480664094613,
    0.6359974389781797,
    0.39975772198410664,
    0.7710565552532489,
    0.48255508412241427,
    0.35274763978511475,
    0.6145540757698547,
    0.7635772765339337,
    0.520188577357892,
    0.7772952468453687,
    0.5499479068438236,
    0.5126143124245377,
    0.6101067260076889,
    0.797548252617662,
    0.7744718374688826,
    0.530022569654548
  ],
  "alpha0": [
    0.045991776397739284,
    0.07202130993848747,
    0.039152512764645396,
    0.05311588449024611,
    0.06268135656255987,
    0.0491671980453998,
    0.038243485445693434,
    0.036252392986791365,
    0.041666825379208655,
    0.05106409163521685,
    0.03530898804495137,
    0.044892481595547505,
    0.04557026873519438,
    0.05622023136576244,
    0.050979354762054715,
    0.05317747041122054,
    0.03928624362465634,
    0.04597689167247206,
    0.06047412855853249,
    0.07481753996440782
  ],
  "beta": [
    2.4217326230685265,
    5.0007709839909396,
    2.6733479615082656,
    3.4281714272916615,
    3.842249423976,
    2.8448962219195373,
    2.6406546841374654,
    2.6317733965258645,
    2.977353674291166,
    3.475988954622555,
    2.1845303111377494,
    2.375844710609209,
    2.719438199021076,
    3.583625711408588,
    2.676524356616433,
    3.3024443055532875,
    2.4482366290999464,
    2.9422783526405,
    3.208207610164249,
    4.181461159641581
  ],
  "mu_h": [
    0.13344847923646677,
    0.1502338860450718,
    0.10522900775277648,
    0.13473386825525646,
    0.18068949539820667,
    0.119702194833578,
    0.07733433628440076,
    0.0912873524806946,
    0.19505939622416144,
    0.25146406035149754,
    0.18804775620214903,
    0.13873186965009296,
    0.40218342384734496,
    0.15632475366882287,
    0.2492677012661612,
    0.19760562637961768,
    0.18139851666178566,
    0.16346201460336698,
    0.116969007231522,
    0.08733103923644259
  ],
  "sigma_h": [
    0.026689695847293356,
    0.030046777209014358,
    0.0210458015505553,
    0.026946773651051293,
    0.036137899079641336,
    0.0239404389667156,
    0.015466867256880151,
    0.01825747049613892,
    0.03901187924483229,
    0.05029281207029951,
    0.037609551240429806,
    0.027746373930018595,
    0.080436684769469,
    0.03126495073376458,
    0.04985354025323224,
    0.03952112527592354,
    0.03627970333235713,
    0.0326924029206734,
    0.023393801446304402,
    0.017466207847288518
  ],
  "asset_lengths_m": [
    1898.317444212217,
    1680.6348577177666,
    2420.801593139035,
    1879.7300921207423,
    1388.9325700811078,
    2122.057081839461,
    3312.025362755264,
    2798.1492006790827,
    1282.9273289721923,
    983.9449686630004,
    1332.6275051136647,
    1824.1187634518828,
    596.47119842186,
    1613.2042840177135,
    993.0553123381964,
    1265.7520095127113,
    1383.3083025412245,
    1540.5836021345876,
    2172.8110347672728,
    2927.177441986789
  ],
  "c_ren": [
    94915872.21061085,
    84031742.88588834,
    121040079.65695176,
    93986504.60603711,
    69446628.5040554,
    106102854.09197304,
    165601268.1377632,
    139907460.03395414,
    64146366.44860961,
    49197248.43315002,
    66631375.255683236,
    91205938.17259414,
    29823559.921093,
    80660214.20088567,
    49652765.61690982,
    63287600.475635566,
    69165415.12706123,
    77029180.10672939,
    108640551.73836364,
    146358872.09933946
  ],
  "c_rep": [
    47457936.105305426,
    42015871.44294417,
    60520039.82847588,
    46993252.303018555,
    34723314.2520277,
    53051427.04598652,
    82800634.0688816,
    69953730.01697707,
    32073183.224304806,
    24598624.21657501,
    33315687.627841618,
    45602969.08629707,
    14911779.9605465,
    40330107.100442834,
    24826382.80845491,
    31643800.237817783,
    34582707.56353062,
    38514590.053364694,
    54320275.86918182,
    73179436.04966973
  ],
  "years": 60,
  "dt": 0.5,
  "gamma": 0.97,
  "d_fail": 1.0,
  "eta_ren": 0.05,
  "eta_load": 0.5,
  "delta_repair": 0.1,
  "vot": 10.76,
  "traffic_cost_factor": 1.0,
  "risk_base": 10000.0
}