{
  "schema_version": 5,
  "n_assets": 10,
  "network": "sioux_falls",
  "generation_seed": 0,
  "d_init": [
    0.6442233652854701,
    0.4944607119895519,
    0.3675482525112056,
    0.6607441700970409,
    0.5626771612378629,
    0.4551209377794778,
    0.5429176794158945,
    0.7447439171745001,
    0.7670217579781249,
    0.4788975983545351
  ],
  "alpha0": [
    0.6343681022729495,
    0.7743388135960755,
    0.3807345812702124,
    0.7162105790137787,
    0.5262826592965959,
    0.6139610694036333,
    0.64958521784673,
    0.6955630634222247,
    0.8653213047854265,
    1.0456204690653677
  ],
  "beta": [
    37.390699656000066,
    52.98083310039709,
    21.271380902387715,
    44.28526258225833,
    34.383435670369536,
    37.0002064452386,
    36.00951108636218,
    37.87883271321037,
    49.35584702383051,
    63.81221412983809
  ],
  "mu_h": [
    0.13344847923646677,
    0.1502338860450718,
    0.10522900775277648,
    0.13473386825525646,
    0.18068949539820667,
    0.119702194833578,
    0.07733433628440076,
    0.0912873524806946,
    0.19505939622416144,
    0.25146406035149754
  ],
  "sigma_h": [
    0.026689695847293356,
    0.030046777209014358,
    0.0210458015505553,
    0.026946773651051293,
    0.036137899079641336,
    0.0239404389667156,
    0.015466867256880151,
    0.01825747049613892,
    0.03901187924483229,
    0.05029281207029951
  ],
  "asset_lengths_m": [
    1898.317444212217,
    1680.6348577177666,
    2420.801593139035,
    1879.7300921207423,
    1388.9325700811078,
    2122.057081839461,
    3312.025362755264,
    2798.1492006790827,
    1282.9273289721923,
    983.9449686630004
  ],
  "c_ren": [
    94915872.21061085,
    84031742.88588834,
    121040079.65695176,
    93986504.60603711,
    69446628.5040554,
    106102854.09197304,
    165601268.1377632,
    139907460.03395414,
    64146366.44860961,
    49197248.43315002
  ],
  "c_rep": [
    47457936.105305426,
    42015871.44294417,
    60520039.82847588,
    46993252.303018555,
    34723314.2520277,
    53051427.04598652,
    82800634.0688816,
    69953730.01697707,
    32073183.224304806,
    24598624.21657501
  ],
  "restrict_degrad_multiplier": 0.9,
  "years": 60.0,
  "dt": 0.5,
  "T_tail": 60.0,
  "gamma": 0.97,
  "d_fail": 1.0,
  "eta_ren": 0.05,
  "eta_load": 0.5,
  "delta_repair": 0.1,
  "vot": 10.76,
  "traffic_cost_factor": 1.0,
  "risk_base": 10000.0,
  "allow_repair": true,
  "allow_restrict": true,
  "instance_id": "b7aaf9d0-c91c-4734-bac0-b79978666a61",
  "comments": {
    "lengths_mean_m": 2000.0,
    "lengths_cv": 0.5,
    "avg_ongoing_projects": null,
    "alpha0_mean": 0.8,
    "alpha0_sigma": 0.3,
    "e_fail_mean": 60.0,
    "e_fail_cv": 0.1,
    "ren_noise_cv": 0.2,
    "t_tail_auto": true
  }
}