{
  "schema_version": 4,
  "n_assets": 20,
  "network": "sioux_falls",
  "generation_seed": 0,
  "d_init": [
    0.502275919910764,
    0.39925652225462765,
    0.34537652280956094,
    0.5901661929934253,
    0.4493480664094613,
    0.6359974389781797,
    0.39975772198410664,
    0.7710565552532489,
    0.48255508412241427,
    0.35274763978511475,
    0.6145540757698547,
    0.7635772765339337,
    0.520188577357892,
    0.7772952468453687,
    0.5499479068438236,
    0.5126143124245377,
    0.6101067260076889,
    0.797548252617662,
    0.7744718374688826,
    0.530022569654548
  ],
  "alpha0": [
    0.9198355279547855,
    1.4404261987697493,
    0.7830502552929078,
    1.062317689804922,
    1.2536271312511968,
    0.9833439609079956,
    0.7648697089138685,
    0.7250478597358271,
    0.8333365075841729,
    1.021281832704337,
    0.7061797608990272,
    0.8978496319109498,
    0.9114053747038875,
    1.1244046273152486,
    1.0195870952410941,
    1.0635494082244106,
    0.7857248724931264,
    0.9195378334494411,
    1.2094825711706494,
    1.496350799288156
  ],
  "beta": [
    48.434652461370526,
    100.01541967981879,
    53.46695923016531,
    68.56342854583322,
    76.84498847951997,
    56.897924438390724,
    52.8130936827493,
    52.63546793051727,
    59.5470734858233,
    69.51977909245109,
    43.69060622275498,
    47.51689421218416,
    54.388763980421515,
    71.67251422817175,
    53.530487132328645,
    66.04888611106573,
    48.96473258199891,
    58.84556705280998,
    64.16415220328496,
    83.62922319283159
  ],
  "mu_h": [
    0.13344847923646677,
    0.1502338860450718,
    0.10522900775277648,
    0.13473386825525646,
    0.18068949539820667,
    0.119702194833578,
    0.07733433628440076,
    0.0912873524806946,
    0.19505939622416144,
    0.25146406035149754,
    0.18804775620214903,
    0.13873186965009296,
    0.40218342384734496,
    0.15632475366882287,
    0.2492677012661612,
    0.19760562637961768,
    0.18139851666178566,
    0.16346201460336698,
    0.116969007231522,
    0.08733103923644259
  ],
  "sigma_h": [
    0.026689695847293356,
    0.030046777209014358,
    0.0210458015505553,
    0.026946773651051293,
    0.036137899079641336,
    0.0239404389667156,
    0.015466867256880151,
    0.01825747049613892,
    0.03901187924483229,
    0.05029281207029951,
    0.037609551240429806,
    0.027746373930018595,
    0.080436684769469,
    0.03126495073376458,
    0.04985354025323224,
    0.03952112527592354,
    0.03627970333235713,
    0.0326924029206734,
    0.023393801446304402,
    0.017466207847288518
  ],
  "asset_lengths_m": [
    1898.317444212217,
    1680.6348577177666,
    2420.801593139035,
    1879.7300921207423,
    1388.9325700811078,
    2122.057081839461,
    3312.025362755264,
    2798.1492006790827,
    1282.9273289721923,
    983.9449686630004,
    1332.6275051136647,
    1824.1187634518828,
    596.47119842186,
    1613.2042840177135,
    993.0553123381964,
    1265.7520095127113,
    1383.3083025412245,
    1540.5836021345876,
    2172.8110347672728,
    2927.177441986789
  ],
  "c_ren": [
    94915872.21061085,
    84031742.88588834,
    121040079.65695176,
    93986504.60603711,
    69446628.5040554,
    106102854.09197304,
    165601268.1377632,
    139907460.03395414,
    64146366.44860961,
    49197248.43315002,
    66631375.255683236,
    91205938.17259414,
    29823559.921093,
    80660214.20088567,
    49652765.61690982,
    63287600.475635566,
    69165415.12706123,
    77029180.10672939,
    108640551.73836364,
    146358872.09933946
  ],
  "c_rep": [
    47457936.105305426,
    42015871.44294417,
    60520039.82847588,
    46993252.303018555,
    34723314.2520277,
    53051427.04598652,
    82800634.0688816,
    69953730.01697707,
    32073183.224304806,
    24598624.21657501,
    33315687.627841618,
    45602969.08629707,
    14911779.9605465,
    40330107.100442834,
    24826382.80845491,
    31643800.237817783,
    34582707.56353062,
    38514590.053364694,
    54320275.86918182,
    73179436.04966973
  ],
  "years": 60,
  "dt": 0.25,
  "gamma": 0.97,
  "d_fail": 1.0,
  "eta_ren": 0.05,
  "eta_load": 0.5,
  "delta_repair": 0.3,
  "vot": 10.76,
  "traffic_cost_factor": 0.1,
  "risk_base": 10000.0
}