{
  "schema_version": 5,
  "n_assets": 15,
  "network": "sioux_falls",
  "generation_seed": 0,
  "d_init": [
    0.2934932510742387,
    0.30118807022658656,
    0.31070699641621013,
    0.3148297297959904,
    0.4425154816314501,
    0.5953268051219502,
    0.6304890235822196,
    0.64741194144294,
    0.6990496329741829,
    0.699138296602519,
    0.7457982714382625,
    0.7472398513934968,
    0.7704266057994738,
    0.8013145648765507,
    0.8137681447046101
  ],
  "alpha0": [
    0.8,
    0.8,
    0.8,
    0.8,
    0.8,
    0.8,
    0.8,
    0.8,
    0.8,
    0.8,
    0.8,
    0.8,
    0.8,
    0.8,
    0.8
  ],
  "beta": [
    80.0,
    80.0,
    80.0,
    80.0,
    80.0,
    80.0,
    80.0,
    80.0,
    80.0,
    80.0,
    80.0,
    80.0,
    80.0,
    80.0,
    80.0
  ],
  "mu_h": [
    0.044226191201422016,
    0.047671742720187975,
    0.038069645728857696,
    0.04449513701118343,
    0.053605785078059916,
    0.04129104857795529,
    0.03137194151761128,
    0.03481418790000572,
    0.056287542513657765,
    0.06624920858005338,
    0.05498749843369022,
    0.045326034054802275,
    0.09000318585748149,
    0.04888889987636112,
    0.06587564288918456
  ],
  "sigma_h": [
    0.008845238240284404,
    0.009534348544037596,
    0.007613929145771539,
    0.008899027402236687,
    0.010721157015611984,
    0.00825820971559106,
    0.0062743883035222565,
    0.006962837580001144,
    0.011257508502731554,
    0.013249841716010678,
    0.010997499686738044,
    0.009065206810960456,
    0.0180006371714963,
    0.009777779975272224,
    0.013175128577836911
  ],
  "asset_lengths_m": [
    5828.86935177995,
    5403.964658394909,
    6779.588114683028,
    5793.335192667268,
    4800.2227813918225,
    6246.764285584414,
    8237.660483303007,
    7418.219587565255,
    4569.139304881056,
    3874.5751847106894,
    4678.347486357025,
    5686.217726122745,
    2838.7866304166782,
    5268.180622953961,
    3896.8305521870925
  ],
  "c_ren": [
    291443467.5889975,
    270198232.91974545,
    338979405.7341514,
    289666759.63336337,
    240011139.06959113,
    312338214.2792207,
    411883024.16515034,
    370910979.37826276,
    228456965.2440528,
    193728759.23553446,
    233917374.31785128,
    284310886.30613726,
    141939331.5208339,
    263409031.14769804,
    194841527.60935462
  ],
  "c_rep": [
    145721733.79449874,
    135099116.45987272,
    169489702.8670757,
    144833379.81668168,
    120005569.53479557,
    156169107.13961035,
    205941512.08257517,
    185455489.68913138,
    114228482.6220264,
    96864379.61776723,
    116958687.15892564,
    142155443.15306863,
    70969665.76041695,
    131704515.57384902,
    97420763.80467731
  ],
  "restrict_degrad_multiplier": 0.9,
  "asset_links": [
    14,
    26,
    29,
    27,
    10,
    11,
    13,
    16,
    12,
    7,
    1,
    2,
    0,
    5,
    15
  ],
  "years": 80.0,
  "dt": 0.5,
  "T_tail": 15.0,
  "gamma": 0.97,
  "d_fail": 1.0,
  "eta_ren": 0.05,
  "eta_load": 0.5,
  "delta_repair": 0.1,
  "vot": 10.76,
  "traffic_cost_factor": 1.0,
  "risk_base": 10000.0,
  "allow_repair": true,
  "allow_restrict": true,
  "instance_id": "c4db15f3-e9fa-41af-adf6-35aab27e4959",
  "comments": {
    "lengths_mean_m": 5864.999999750289,
    "lengths_cv": 0.3,
    "avg_ongoing_projects": null,
    "alpha0_mean": 0.8,
    "alpha0_sigma": 0.0,
    "e_fail_mean": 100.0,
    "e_fail_cv": 0.0,
    "ren_noise_cv": 0.2,
    "t_tail_auto": false
  }
}